{
  "version": 1,
  "width": 266,
  "height": 44,
  "duration": 139.424981,
  "command": null,
  "title": null,
  "env": {
    "TERM": "xterm-256color",
    "SHELL": "/bin/bash"
  },
  "stdout": [
    [
      0.010594,
      "\u001b[?1034hbash-3.2$ "
    ],
    [
      2.5,
      "ssh origin-0"
    ],
    [
      6.5e-05,
      ".do.storage"
    ],
    [
      3.2e-05,
      "os.n"
    ],
    [
      2.9e-05,
      "et"
    ],
    [
      3e-05,
      " -"
    ],
    [
      6e-05,
      "l "
    ],
    [
      3e-05,
      "ro"
    ],
    [
      0.000237,
      "o"
    ],
    [
      0.000135,
      "t"
    ],
    [
      0.430024,
      "\r\n"
    ],
    [
      0.35919,
      "Last login: Fri Nov  3 16:26:25 2017 from 212.36.56.22\r\r\n"
    ],
    [
      0.435344,
      "\u001b]0;root@origin-0:~\u0007\u001b[?1034h[root@origin-0 ~]# "
    ],
    [
      2.5,
      "# Persistent Volume Claim"
    ],
    [
      0.396225,
      "\r\n\u001b]0;root@origin-0:~\u0007[root@origin-0 ~]# "
    ],
    [
      2.5,
      "# Create the StorageOS volume manually"
    ],
    [
      0.279025,
      "\r\n\u001b]0;root@origin-0:~\u0007[root@origin-0 ~]# "
    ],
    [
      2.5,
      "ssh origin-1 storageos volume create nginx-pv01 --label storageos.feature.replicas=1"
    ],
    [
      0.327066,
      "\r\n"
    ],
    [
      1.532278,
      "default/nginx-pv01\r\n\u001b]0;root@origin-0:~\u0007[root@origin-0 ~]# "
    ],
    [
      1.889211,
      "#"
    ],
    [
      0.455648,
      " "
    ],
    [
      0.136301,
      "t"
    ],
    [
      0.15134,
      "h"
    ],
    [
      0.062987,
      "i"
    ],
    [
      0.128706,
      "s"
    ],
    [
      0.112166,
      " "
    ],
    [
      0.128118,
      "o"
    ],
    [
      0.199949,
      "n"
    ],
    [
      0.112359,
      "e"
    ],
    [
      0.127606,
      " "
    ],
    [
      0.192048,
      "i"
    ],
    [
      0.136123,
      "s"
    ],
    [
      0.119955,
      " "
    ],
    [
      0.200628,
      "r"
    ],
    [
      0.104216,
      "e"
    ],
    [
      0.150534,
      "p"
    ],
    [
      0.217085,
      "l"
    ],
    [
      0.167293,
      "i"
    ],
    [
      0.07209,
      "c"
    ],
    [
      0.208078,
      "a"
    ],
    [
      0.257068,
      "t"
    ],
    [
      0.079207,
      "e"
    ],
    [
      0.28864,
      "d"
    ],
    [
      2.5,
      "\r\n\u001b]0;root@origin-0:~\u0007[root@origin-0 ~]# "
    ],
    [
      2.5,
      "ssh origin-1 storageos volume"
    ],
    [
      0.31613,
      " "
    ],
    [
      0.641006,
      "l"
    ],
    [
      0.07846,
      "s"
    ],
    [
      0.362072,
      "\r\n"
    ],
    [
      0.795059,
      "NAMESPACE/NAME        SIZE                MOUNTED BY                  NODE SELECTOR       STATUS              REPLICAS            LOCATION\r\ndefault/nginx-pv01    5GB                                                                 active              1/1                 origin-2 (healthy)\r\ndefault/nginx-vol01   5GB                 origin-1.do.storageos.net                       active              0/0                 origin-3 (healthy)\r\n\u001b]0;root@origin-0:~\u0007[root@origin-0 ~]# "
    ],
    [
      2.5,
      "# persistent volume"
    ],
    [
      0.349421,
      "\r\n\u001b]0;root@origin-0:~\u0007[root@origin-0 ~]# "
    ],
    [
      2.5,
      "cat > storageos-pv.yaml <<EOF\r\n> ---\r\n> apiVersion: v1\r\n> kind: PersistentVolume\r\n> metadata:\r\n>   name: pv0001\r\n> spec:\r\n>   capacity:\r\n>     storage: 5Gi\r\n>   accessModes:\r\n>     - ReadWriteOnce\r\n>   persistentVolumeReclaimPolicy: Recycle\r\n>   storageos:\r\n>     # This volume must already exist within StorageOS\r\n>     volumeName: nginx-pv01\r\n>     volumeNamespace: default\r\n>     fsType: ext4\r\n> ...\r\n> EOF"
    ],
    [
      0.93913,
      "\r\n"
    ],
    [
      0.003293,
      "\u001b]0;root@origin-0:~\u0007[root@origin-0 ~]# "
    ],
    [
      2.5,
      "oc create -f storageos-pv.yaml"
    ],
    [
      0.414748,
      "\r\n"
    ],
    [
      0.488923,
      "persistentvolume \"pv0001\" created\r\n\u001b]0;root@origin-0:~\u0007[root@origin-0 ~]# "
    ],
    [
      2.5,
      "oc describe pv pv0001"
    ],
    [
      0.414403,
      "\r\n"
    ],
    [
      0.358893,
      "Name:\t\tpv0001\r\nLabels:\t\t<none>\r\nAnnotations:\t<none>\r\nStorageClass:\t\r\nStatus:\t\tAvailable\r\nClaim:\t\t\r\nReclaim Policy:\tRecycle\r\nAccess Modes:\tRWO\r\nCapacity:\t5Gi\r\nMessage:\t\r\nSource:\r\n    Type:\t\tStorageOS (a StorageOS Persistent Disk resource)\r\n    VolumeName:\t\tnginx-pv01\r\n    VolumeNamespace:\tdefault\r\n    FSType:\t\text4\r\n    ReadOnly:\t\tfalse\r\nEvents:\t\t\t<none>\r\n\u001b]0;root@origin-0:~\u0007[root@origin-0 ~]# "
    ],
    [
      2.5,
      "# and now the Persistent Volume Claim"
    ],
    [
      0.758213,
      "\r\n\u001b]0;root@origin-0:~\u0007[root@origin-0 ~]# "
    ],
    [
      2.5,
      "cat > storageos-pvc.yaml <<EOF\r\n> ---\r\n> apiVersion: v1\r\n> kind: PersistentVolumeClaim\r\n> metadata:\r\n>   name: pvc0001\r\n> spec:\r\n>   accessModes:\r\n>     - ReadWriteOnce\r\n>   resources:\r\n>     requests:\r\n>       storage: 5Gi\r\n> ...\r\n> EOF"
    ],
    [
      0.308833,
      "\r\n"
    ],
    [
      0.004503,
      "\u001b]0;root@origin-0:~\u0007[root@origin-0 ~]# "
    ],
    [
      2.5,
      "oc create -f storageos-pvc.yaml"
    ],
    [
      0.71824,
      "\r\n"
    ],
    [
      0.338501,
      "persistentvolumeclaim \"pvc0001\" created\r\n\u001b]0;root@origin-0:~\u0007[root@origin-0 ~]# "
    ],
    [
      2.5,
      "oc describe pvc pvc0001"
    ],
    [
      0.367246,
      "\r\n"
    ],
    [
      0.337318,
      "Name:\t\tpvc0001\r\nNamespace:\tdefault\r\nStorageClass:\t\r\nStatus:\t\tBound\r\nVolume:\t\tpv0001\r\nLabels:\t\t<none>\r\nAnnotations:\tpv.kubernetes.io/bind-completed=yes\r\n\t\tpv.kubernetes.io/bound-by-controller=yes\r\nCapacity:\t5Gi\r\nAccess Modes:\tRWO\r\nEvents:\t\t<none>\r\n\u001b]0;root@origin-0:~\u0007[root@origin-0 ~]# "
    ],
    [
      2.5,
      "# Spin up a pod to test pvc0001"
    ],
    [
      0.287946,
      "\r\n\u001b]0;root@origin-0:~\u0007[root@origin-0 ~]# "
    ],
    [
      2.5,
      "cat > storageos-pvcpod.yaml << EOF\r\n> ---\r\n> apiVersion: v1\r\n> kind: Pod\r\n> metadata:\r\n>   labels:\r\n>     name: nginx\r\n>     role: master\r\n>   name: test-storageos-nginx-pvc\r\n> spec:\r\n>   containers:\r\n>     - name: master\r\n>       image: nginx\r\n>       env:\r\n>         - name: MASTER\r\n>           value: \"true\"\r\n>       ports:\r\n>         - containerPort: 80\r\n>       resources:\r\n>         limits:\r\n>           cpu: \"0.1\"\r\n>       volumeMounts:\r\n>         - mountPath: /usr/share/nginx/html\r\n>           name: nginx-data\r\n>   volumes:\r\n>     - name: nginx-data\r\n>       persistentVolumeClaim:\r\n>         claimName: pvc0001\r\n> ...\r\n> EOF"
    ],
    [
      0.887391,
      "\r\n"
    ],
    [
      0.003258,
      "\u001b]0;root@origin-0:~\u0007[root@origin-0 ~]# "
    ],
    [
      2.5,
      "oc get pods |grep ^test-storageos-nginx-pvc && oc delete pod test-storageos-nginx-pvc"
    ],
    [
      0.236631,
      "\r\n"
    ],
    [
      0.388263,
      "\u001b]0;root@origin-0:~\u0007[root@origin-0 ~]# "
    ],
    [
      2.5,
      "oc create -f storageos-pvcpod.yaml"
    ],
    [
      0.32621,
      "\r\n"
    ],
    [
      0.482127,
      "pod \"test-storageos-nginx-pvc\" created\r\n\u001b]0;root@origin-0:~\u0007[root@origin-0 ~]# "
    ],
    [
      2.5,
      "oc get pod test-storageos-nginx-pvc"
    ],
    [
      0.399936,
      "\r\n"
    ],
    [
      0.344509,
      "NAME                       READY     STATUS              RESTARTS   AGE\r\ntest-storageos-nginx-pvc   0/1       ContainerCreating   0          5s\r\n\u001b]0;root@origin-0:~\u0007[root@origin-0 ~]# "
    ],
    [
      2.5,
      "oc get pod test-storageos-nginx-pvc"
    ],
