{
  "version": 1,
  "width": 266,
  "height": 44,
  "duration": 125.296605,
  "command": null,
  "title": null,
  "env": {
    "TERM": "xterm-256color",
    "SHELL": "/bin/bash"
  },
  "stdout": [
    [
      0.010862,
      "\u001b[?1034hbash-3.2$ "
    ],
    [
      1.567398,
      "s"
    ],
    [
      0.191825,
      "s"
    ],
    [
      0.128652,
      "h"
    ],
    [
      0.255583,
      " "
    ],
    [
      0.481234,
      "or"
    ],
    [
      0.000255,
      "igin-0."
    ],
    [
      5.9e-05,
      "do.storage"
    ],
    [
      3.9e-05,
      "os."
    ],
    [
      3.3e-05,
      "net"
    ],
    [
      0.398348,
      " "
    ],
    [
      0.096025,
      "-"
    ],
    [
      0.295872,
      "l"
    ],
    [
      0.144106,
      " "
    ],
    [
      0.191226,
      "r"
    ],
    [
      0.104828,
      "o"
    ],
    [
      0.159939,
      "o"
    ],
    [
      0.063924,
      "t"
    ],
    [
      0.200091,
      "\r\n"
    ],
    [
      0.372835,
      "Last login: Fri Nov  3 16:15:44 2017 from 212.36.56.22\r\r\n"
    ],
    [
      0.436817,
      "\u001b]0;root@origin-0:~\u0007\u001b[?1034h[root@origin-0 ~]# "
    ],
    [
      2.5,
      "# StorageOS / OpenShift demo"
    ],
    [
      0.81314,
      "\r\n\u001b]0;root@origin-0:~\u0007[root@origin-0 ~]# "
    ],
    [
      2.5,
      "#"
    ],
    [
      0.311951,
      " "
    ],
    [
      0.285522,
      "S"
    ],
    [
      0.137779,
      "e"
    ],
    [
      0.240763,
      "c"
    ],
    [
      0.254712,
      "r"
    ],
    [
      0.088353,
      "e"
    ],
    [
      0.192424,
      "t"
    ],
    [
      0.936736,
      " "
    ],
    [
      0.095298,
      "s"
    ],
    [
      0.135858,
      "e"
    ],
    [
      0.216084,
      "t"
    ],
    [
      0.144009,
      "u"
    ],
    [
      0.184797,
      "p"
    ],
    [
      0.288175,
      ","
    ],
    [
      0.127183,
      " "
    ],
    [
      0.159794,
      "m"
    ],
    [
      0.296848,
      "u"
    ],
    [
      0.119202,
      "s"
    ],
    [
      0.136157,
      "t"
    ],
    [
      0.095734,
      " "
    ],
    [
      0.263938,
      "c"
    ],
    [
      0.103618,
      "o"
    ],
    [
      0.088794,
      "n"
    ],
    [
      0.368711,
      "t"
    ],
    [
      0.593834,
      "a"
    ],
    [
      0.165622,
      "i"
    ],
    [
      0.087366,
      "n"
    ],
    [
      0.168454,
      " "
    ],
    [
      0.306403,
      "A"
    ],
    [
      0.125444,
      "P"
    ],
    [
      0.192472,
      "I"
    ],
    [
      0.880961,
      " "
    ],
    [
      0.182942,
      "e"
    ],
    [
      0.191655,
      "n"
    ],
    [
      0.151897,
      "d"
    ],
    [
      0.20828,
      "p"
    ],
    [
      0.256545,
      "o"
    ],
    [
      0.216145,
      "i"
    ],
    [
      0.200083,
      "n"
    ],
    [
      0.07916,
      "t"
    ],
    [
      0.120559,
      " "
    ],
    [
      0.183728,
      "d"
    ],
    [
      0.119629,
      "a"
    ],
    [
      0.168136,
      "t"
    ],
    [
      0.200907,
      "a"
    ],
    [
      0.240391,
      "."
    ],
    [
      0.264654,
      "\r\n\u001b]0;root@origin-0:~\u0007[root@origin-0 ~]# "
    ],
    [
      2.5,
      "API_ADDRESS=\"$(host origin-1 |cut -d' ' -f4)\""
    ],
    [
      0.455256,
      "\r\n"
    ],
    [
      0.277202,
      "\u001b]0;root@origin-0:~\u0007[root@origin-0 ~]# "
    ],
    [
      2.5,
      "API=$( echo -n \"tcp://${API_ADDRESS}:5705\" | base64 )"
    ],
    [
      0.4716,
      "\r\n"
    ],
    [
      0.00674,
      "\u001b]0;root@origin-0:~\u0007[root@origin-0 ~]# "
    ],
    [
      0.767227,
      "e"
    ],
    [
      0.272952,
      "c"
    ],
    [
      0.151601,
      "h"
    ],
    [
      0.151759,
      "o"
    ],
    [
      0.056142,
      " "
    ],
    [
      0.28887,
      "$"
    ],
    [
      0.302905,
      "A"
    ],
    [
      0.191451,
      "P"
    ],
    [
      0.18389,
      "I"
    ],
    [
      0.617059,
      "\r\ndGNwOi8vMTM4LjY4LjE4My4xOTM6NTcwNQ==\r\n\u001b]0;root@origin-0:~\u0007[root@origin-0 ~]# "
    ],
    [
      2.5,
      "cat > storageos-secret.yaml <<EOF\r\n> ---\r\n> apiVersion: v1\r\n> kind: Secret\r\n> metadata:\r\n>   name: storageos-secret\r\n> type: \"kubernetes.io/storageos\"\r\n> data:\r\n>   apiAddress: $API\r\n>   apiUsername: c3RvcmFnZW9z\r\n>   apiPassword: c3RvcmFnZW9z\r\n> ...\r\n> EOF"
    ],
    [
      0.879117,
      "\r\n"
    ],
    [
      0.002532,
      "\u001b]0;root@origin-0:~\u0007[root@origin-0 ~]# "
    ],
    [
      2.5,
      "oc get secrets |grep -q ^storageos-secret && oc delete secret storageos-secret"
    ],
    [
      0.485148,
      "\r\n"
    ],
    [
      0.430029,
      "\u001b]0;root@origin-0:~\u0007[root@origin-0 ~]# "
    ],
    [
      2.5,
      "oc create -f storageos-secret.yaml"
    ],
    [
      0.375294,
      "\r\n"
    ],
    [
      0.387409,
      "secret \"storageos-secret\" created\r\n\u001b]0;root@origin-0:~\u0007[root@origin-0 ~]# "
    ],
    [
      2.5,
      "oc get secrets storageos-secret"
    ],
    [
      0.428083,
      "\r\n"
    ],
    [
      0.428519,
      "NAME               TYPE                      DATA      AGE\r\nstorageos-secret   kubernetes.io/storageos   3         5s\r\n\u001b]0;root@origin-0:~\u0007[root@origin-0 ~]# "
    ],
    [
      2.5,
      "# Pre-Provisioned volume demo"
    ],
    [
      0.636344,
      "\r\n\u001b]0;root@origin-0:~\u0007[root@origin-0 ~]# "
    ],
    [
      2.5,
      "ssh origin-1 storageos volume create nginx-vol01"
    ],
    [
      0.438968,
      "\r\n"
    ],
    [
      1.516873,
      "default/nginx-vol01\r\n\u001b]0;root@origin-0:~\u0007[root@origin-0 ~]# "
    ],
    [
      2.5,
      "cat > storageos-pod.yaml <<EOF\r\n> ---\r\n> apiVersion: v1\r\n> kind: Pod\r\n> metadata:\r\n>   labels:\r\n>     name: nginx\r\n>     role: master\r\n>   name: test-storageos-nginx\r\n> spec:\r\n>   containers:\r\n>     - name: master\r\n>       image: nginx\r\n>       env:\r\n>         - name: MASTER\r\n>           value: \"true\"\r\n>       ports:\r\n>         - containerPort: 80\r\n>       resources:\r\n>         limits:\r\n>           cpu: \"0.1\"\r\n>       volumeMounts:\r\n>         - mountPath: /usr/share/nginx/html/\r\n>           name: nginx-data\r\n>   volumes:\r\n>     - name: nginx-data\r\n>       storageos:\r\n>         # This volume must already exist within StorageOS\r\n>         volumeName: nginx-vol01\r\n>         volumeNamespace: default\r\n>         fsType: ext3\r\n> ...\r\n> EOF"
    ],
    [
      1.948929,
      "\r\n"
    ],
    [
      0.005741,
      "\u001b]0;root@origin-0:~\u0007[root@origin-0 ~]# "
    ],
    [
      2.5,
      "oc create -f storageos-pod.yaml"
    ],
    [
      0.916887,
      "\r\n"
    ],
    [
      0.47866,
      "pod \"test-storageos-nginx\" created\r\n\u001b]0;root@origin-0:~\u0007[root@origin-0 ~]# "
    ],
    [
      2.5,
      "oc get pods test-storageos-nginx"
    ],
    [
      0.511184,
      "\r\n"
    ],
    [
      0.35421,
      "NAME                   READY     STATUS              RESTARTS   AGE\r\ntest-storageos-nginx   0/1       ContainerCreating   0          6s\r\n\u001b]0;root@origin-0:~\u0007[root@origin-0 ~]# "
    ],
    [
      2.5,
      "oc get pods test-storageos-nginx"
    ],
    [
      0.833351,
      "\r\n"
    ],
    [
      0.497294,
      "NAME                   READY     STATUS              RESTARTS   AGE\r\ntest-storageos-nginx   0/1       ContainerCreating   0          14s\r\n\u001b]0;root@origin-0:~\u0007[root@origin-0 ~]# "
    ],
    [
      2.5,
      "oc get pods test-storageos-nginx"
    ],
    [
      0.857267,
      "\r\n"
    ],
    [
      0.352046,
      "NAME                   READY     STATUS              RESTARTS   AGE\r\ntest-storageos-nginx   0/1       ContainerCreating   0          23s\r\n\u001b]0;root@origin-0:~\u0007[root@origin-0 ~]# "
    ],
    [
      2.5,
